Id,Address,Lat,Lon
0,"Al-Hussain Road، Lahore, Pakistan",31.4669244,74.25186409999999
1,"Lahore, Pakistan",31.3743935,74.17818310000001
5,"M.M. Alam Road, Block B2، Lahore 54660, Pakistan",31.5111079,74.3509436
2,"Sheeba Park, Y Block Market, DHA Phase 3، Lahore, Pakistan",31.47498589999999,74.3770639
3,"13 Main Boulevard Allama Iqbal Town، Lahore 54000, Pakistan",31.5197581,74.29066159999999
4,"89-B, Jail Rd، Lahore, Pakistan",31.5386987,74.3369092
6,"63 Main Gulberg، Lahore, Pakistan",31.5274972,74.34939969999999
7,"Plot #14 and Plot # 15, Hadayatullah Block, Mustafa Town, Wahdat Road، Lahore, Pakistan",31.4984994,74.2737308
8,"23-Phase II, Govt. Employees Cooperative Housing Society Ltd. Model Town، Link Road، Lahore 54600, Pakistan",31.4662661,74.31567249999999
9,"Fortress Stadium Circular Road، Lahore, Pakistan",31.5319516,74.3642121
10,"D.H.A., State Life Phase-I Main Blvd, Lahore, Pakistan",31.4827527,74.3937677
